file_name;key_repr
xortool_out/000.out;b'HACKMEPLS'
xortool_out/001.out;b'I@BJLDQMR'
xortool_out/002.out;b'JCAIOGRNQ'
xortool_out/003.out;b'KB@HNFSOP'
xortool_out/004.out;b'LEGOIATHW'
xortool_out/005.out;b'MDFNH@UIV'
xortool_out/006.out;b'NGEMKCVJU'
xortool_out/007.out;b'OFDLJBWKT'
xortool_out/008.out;b'@IKCEMXD['
xortool_out/009.out;b'AHJBDLYEZ'
xortool_out/010.out;b'BKIAGOZFY'
xortool_out/011.out;b'CJH@FN[GX'
xortool_out/012.out;b'DMOGAI\\@_'
xortool_out/013.out;b'ELNF@H]A^'
xortool_out/014.out;b'FOMECK^B]'
xortool_out/015.out;b'GNLDBJ_C\\'
xortool_out/016.out;b'XQS[]U@\\C'
xortool_out/017.out;b'YPRZ\\TA]B'
xortool_out/018.out;b'ZSQY_WB^A'
xortool_out/019.out;b'[RPX^VC_@'
xortool_out/020.out;b'\\UW_YQDXG'
xortool_out/021.out;b']TV^XPEYF'
xortool_out/022.out;b'^WU][SFZE'
xortool_out/023.out;b'_VT\\ZRG[D'
xortool_out/024.out;b'PY[SU]HTK'
xortool_out/025.out;b'QXZRT\\IUJ'
xortool_out/026.out;b'R[YQW_JVI'
xortool_out/027.out;b'SZXPV^KWH'
xortool_out/028.out;b'T]_WQYLPO'
xortool_out/029.out;b'U\\^VPXMQN'
xortool_out/030.out;b'V_]US[NRM'
xortool_out/031.out;b'W^\\TRZOSL'
xortool_out/032.out;b'hackmepls'
xortool_out/033.out;b'i`bjldqmr'
xortool_out/034.out;b'jcaiogrnq'
xortool_out/035.out;b'kb`hnfsop'
xortool_out/036.out;b'legoiathw'
xortool_out/037.out;b'mdfnh`uiv'
xortool_out/038.out;b'ngemkcvju'
xortool_out/039.out;b'ofdljbwkt'
xortool_out/040.out;b'`ikcemxd{'
xortool_out/041.out;b'ahjbdlyez'
xortool_out/042.out;b'bkiagozfy'
xortool_out/043.out;b'cjh`fn{gx'
xortool_out/044.out;b'dmogai|`\x7f'
xortool_out/045.out;b'elnf`h}a~'
xortool_out/046.out;b'fomeck~b}'
xortool_out/047.out;b'gnldbj\x7fc|'
xortool_out/048.out;b'xqs{}u`|c'
xortool_out/049.out;b'yprz|ta}b'
xortool_out/050.out;b'zsqy\x7fwb~a'
xortool_out/051.out;b'{rpx~vc\x7f`'
xortool_out/052.out;b'|uw\x7fyqdxg'
xortool_out/053.out;b'}tv~xpeyf'
xortool_out/054.out;b'~wu}{sfze'
xortool_out/055.out;b'\x7fvt|zrg{d'
xortool_out/056.out;b'py{su}htk'
xortool_out/057.out;b'qxzrt|iuj'
xortool_out/058.out;b'r{yqw\x7fjvi'
xortool_out/059.out;b'szxpv~kwh'
xortool_out/060.out;b't}\x7fwqylpo'
xortool_out/061.out;b'u|~vpxmqn'
xortool_out/062.out;b'v\x7f}us{nrm'
xortool_out/063.out;b'w~|trzosl'
xortool_out/064.out;b'\x08\x01\x03\x0b\r\x05\x10\x0c\x13'
xortool_out/065.out;b'\t\x00\x02\n\x0c\x04\x11\r\x12'
xortool_out/066.out;b'\n\x03\x01\t\x0f\x07\x12\x0e\x11'
xortool_out/067.out;b'\x0b\x02\x00\x08\x0e\x06\x13\x0f\x10'
xortool_out/068.out;b'\x0c\x05\x07\x0f\t\x01\x14\x08\x17'
xortool_out/069.out;b'\r\x04\x06\x0e\x08\x00\x15\t\x16'
xortool_out/070.out;b'\x0e\x07\x05\r\x0b\x03\x16\n\x15'
xortool_out/071.out;b'\x0f\x06\x04\x0c\n\x02\x17\x0b\x14'
xortool_out/072.out;b'\x00\t\x0b\x03\x05\r\x18\x04\x1b'
xortool_out/073.out;b'\x01\x08\n\x02\x04\x0c\x19\x05\x1a'
xortool_out/074.out;b'\x02\x0b\t\x01\x07\x0f\x1a\x06\x19'
xortool_out/075.out;b'\x03\n\x08\x00\x06\x0e\x1b\x07\x18'
xortool_out/076.out;b'\x04\r\x0f\x07\x01\t\x1c\x00\x1f'
xortool_out/077.out;b'\x05\x0c\x0e\x06\x00\x08\x1d\x01\x1e'
xortool_out/078.out;b'\x06\x0f\r\x05\x03\x0b\x1e\x02\x1d'
xortool_out/079.out;b'\x07\x0e\x0c\x04\x02\n\x1f\x03\x1c'
xortool_out/080.out;b'\x18\x11\x13\x1b\x1d\x15\x00\x1c\x03'
xortool_out/081.out;b'\x19\x10\x12\x1a\x1c\x14\x01\x1d\x02'
xortool_out/082.out;b'\x1a\x13\x11\x19\x1f\x17\x02\x1e\x01'
xortool_out/083.out;b'\x1b\x12\x10\x18\x1e\x16\x03\x1f\x00'
xortool_out/084.out;b'\x1c\x15\x17\x1f\x19\x11\x04\x18\x07'
xortool_out/085.out;b'\x1d\x14\x16\x1e\x18\x10\x05\x19\x06'
xortool_out/086.out;b'\x1e\x17\x15\x1d\x1b\x13\x06\x1a\x05'
xortool_out/087.out;b'\x1f\x16\x14\x1c\x1a\x12\x07\x1b\x04'
xortool_out/088.out;b'\x10\x19\x1b\x13\x15\x1d\x08\x14\x0b'
xortool_out/089.out;b'\x11\x18\x1a\x12\x14\x1c\t\x15\n'
xortool_out/090.out;b'\x12\x1b\x19\x11\x17\x1f\n\x16\t'
xortool_out/091.out;b'\x13\x1a\x18\x10\x16\x1e\x0b\x17\x08'
xortool_out/092.out;b'\x14\x1d\x1f\x17\x11\x19\x0c\x10\x0f'
xortool_out/093.out;b'\x15\x1c\x1e\x16\x10\x18\r\x11\x0e'
xortool_out/094.out;b'\x16\x1f\x1d\x15\x13\x1b\x0e\x12\r'
xortool_out/095.out;b'\x17\x1e\x1c\x14\x12\x1a\x0f\x13\x0c'
xortool_out/096.out;b'(!#+-%0,3'
xortool_out/097.out;b') "*,$1-2'
xortool_out/098.out;b"*#!)/'2.1"
xortool_out/099.out;b'+" (.&3/0'
xortool_out/100.out;b",%'/)!4(7"
xortool_out/101.out;b'-$&.( 5)6'
xortool_out/102.out;b".'%-+#6*5"
xortool_out/103.out;b'/&$,*"7+4'
xortool_out/104.out;b' )+#%-8$;'
xortool_out/105.out;b'!(*"$,9%:'
xortool_out/106.out;b'"+)!\'/:&9'
xortool_out/107.out;b"#*( &.;'8"
xortool_out/108.out;b"$-/'!)< ?"
xortool_out/109.out;b'%,.& (=!>'
xortool_out/110.out;b'&/-%#+>"='
xortool_out/111.out;b'\'.,$"*?#<'
xortool_out/112.out;b'813;=5 <#'
xortool_out/113.out;b'902:<4!="'
xortool_out/114.out;b':319?7">!'
xortool_out/115.out;b';208>6#? '
xortool_out/116.out;b"<57?91$8'"
xortool_out/117.out;b'=46>80%9&'
xortool_out/118.out;b'>75=;3&:%'
xortool_out/119.out;b"?64<:2';$"
xortool_out/120.out;b'09;35=(4+'
xortool_out/121.out;b'18:24<)5*'
xortool_out/122.out;b'2;917?*6)'
xortool_out/123.out;b'3:806>+7('
xortool_out/124.out;b'4=?719,0/'
xortool_out/125.out;b'5<>608-1.'
xortool_out/126.out;b'6?=53;.2-'
xortool_out/127.out;b'7><42:/3,'
xortool_out/128.out;b'\xc8\xc1\xc3\xcb\xcd\xc5\xd0\xcc\xd3'
xortool_out/129.out;b'\xc9\xc0\xc2\xca\xcc\xc4\xd1\xcd\xd2'
xortool_out/130.out;b'\xca\xc3\xc1\xc9\xcf\xc7\xd2\xce\xd1'
xortool_out/131.out;b'\xcb\xc2\xc0\xc8\xce\xc6\xd3\xcf\xd0'
xortool_out/132.out;b'\xcc\xc5\xc7\xcf\xc9\xc1\xd4\xc8\xd7'
xortool_out/133.out;b'\xcd\xc4\xc6\xce\xc8\xc0\xd5\xc9\xd6'
xortool_out/134.out;b'\xce\xc7\xc5\xcd\xcb\xc3\xd6\xca\xd5'
xortool_out/135.out;b'\xcf\xc6\xc4\xcc\xca\xc2\xd7\xcb\xd4'
xortool_out/136.out;b'\xc0\xc9\xcb\xc3\xc5\xcd\xd8\xc4\xdb'
xortool_out/137.out;b'\xc1\xc8\xca\xc2\xc4\xcc\xd9\xc5\xda'
xortool_out/138.out;b'\xc2\xcb\xc9\xc1\xc7\xcf\xda\xc6\xd9'
xortool_out/139.out;b'\xc3\xca\xc8\xc0\xc6\xce\xdb\xc7\xd8'
xortool_out/140.out;b'\xc4\xcd\xcf\xc7\xc1\xc9\xdc\xc0\xdf'
xortool_out/141.out;b'\xc5\xcc\xce\xc6\xc0\xc8\xdd\xc1\xde'
xortool_out/142.out;b'\xc6\xcf\xcd\xc5\xc3\xcb\xde\xc2\xdd'
xortool_out/143.out;b'\xc7\xce\xcc\xc4\xc2\xca\xdf\xc3\xdc'
xortool_out/144.out;b'\xd8\xd1\xd3\xdb\xdd\xd5\xc0\xdc\xc3'
xortool_out/145.out;b'\xd9\xd0\xd2\xda\xdc\xd4\xc1\xdd\xc2'
xortool_out/146.out;b'\xda\xd3\xd1\xd9\xdf\xd7\xc2\xde\xc1'
xortool_out/147.out;b'\xdb\xd2\xd0\xd8\xde\xd6\xc3\xdf\xc0'
xortool_out/148.out;b'\xdc\xd5\xd7\xdf\xd9\xd1\xc4\xd8\xc7'
xortool_out/149.out;b'\xdd\xd4\xd6\xde\xd8\xd0\xc5\xd9\xc6'
xortool_out/150.out;b'\xde\xd7\xd5\xdd\xdb\xd3\xc6\xda\xc5'
xortool_out/151.out;b'\xdf\xd6\xd4\xdc\xda\xd2\xc7\xdb\xc4'
xortool_out/152.out;b'\xd0\xd9\xdb\xd3\xd5\xdd\xc8\xd4\xcb'
xortool_out/153.out;b'\xd1\xd8\xda\xd2\xd4\xdc\xc9\xd5\xca'
xortool_out/154.out;b'\xd2\xdb\xd9\xd1\xd7\xdf\xca\xd6\xc9'
xortool_out/155.out;b'\xd3\xda\xd8\xd0\xd6\xde\xcb\xd7\xc8'
xortool_out/156.out;b'\xd4\xdd\xdf\xd7\xd1\xd9\xcc\xd0\xcf'
xortool_out/157.out;b'\xd5\xdc\xde\xd6\xd0\xd8\xcd\xd1\xce'
xortool_out/158.out;b'\xd6\xdf\xdd\xd5\xd3\xdb\xce\xd2\xcd'
xortool_out/159.out;b'\xd7\xde\xdc\xd4\xd2\xda\xcf\xd3\xcc'
xortool_out/160.out;b'\xe8\xe1\xe3\xeb\xed\xe5\xf0\xec\xf3'
xortool_out/161.out;b'\xe9\xe0\xe2\xea\xec\xe4\xf1\xed\xf2'
xortool_out/162.out;b'\xea\xe3\xe1\xe9\xef\xe7\xf2\xee\xf1'
xortool_out/163.out;b'\xeb\xe2\xe0\xe8\xee\xe6\xf3\xef\xf0'
xortool_out/164.out;b'\xec\xe5\xe7\xef\xe9\xe1\xf4\xe8\xf7'
xortool_out/165.out;b'\xed\xe4\xe6\xee\xe8\xe0\xf5\xe9\xf6'
xortool_out/166.out;b'\xee\xe7\xe5\xed\xeb\xe3\xf6\xea\xf5'
xortool_out/167.out;b'\xef\xe6\xe4\xec\xea\xe2\xf7\xeb\xf4'
xortool_out/168.out;b'\xe0\xe9\xeb\xe3\xe5\xed\xf8\xe4\xfb'
xortool_out/169.out;b'\xe1\xe8\xea\xe2\xe4\xec\xf9\xe5\xfa'
xortool_out/170.out;b'\xe2\xeb\xe9\xe1\xe7\xef\xfa\xe6\xf9'
xortool_out/171.out;b'\xe3\xea\xe8\xe0\xe6\xee\xfb\xe7\xf8'
xortool_out/172.out;b'\xe4\xed\xef\xe7\xe1\xe9\xfc\xe0\xff'
xortool_out/173.out;b'\xe5\xec\xee\xe6\xe0\xe8\xfd\xe1\xfe'
xortool_out/174.out;b'\xe6\xef\xed\xe5\xe3\xeb\xfe\xe2\xfd'
xortool_out/175.out;b'\xe7\xee\xec\xe4\xe2\xea\xff\xe3\xfc'
xortool_out/176.out;b'\xf8\xf1\xf3\xfb\xfd\xf5\xe0\xfc\xe3'
xortool_out/177.out;b'\xf9\xf0\xf2\xfa\xfc\xf4\xe1\xfd\xe2'
xortool_out/178.out;b'\xfa\xf3\xf1\xf9\xff\xf7\xe2\xfe\xe1'
xortool_out/179.out;b'\xfb\xf2\xf0\xf8\xfe\xf6\xe3\xff\xe0'
xortool_out/180.out;b'\xfc\xf5\xf7\xff\xf9\xf1\xe4\xf8\xe7'
xortool_out/181.out;b'\xfd\xf4\xf6\xfe\xf8\xf0\xe5\xf9\xe6'
xortool_out/182.out;b'\xfe\xf7\xf5\xfd\xfb\xf3\xe6\xfa\xe5'
xortool_out/183.out;b'\xff\xf6\xf4\xfc\xfa\xf2\xe7\xfb\xe4'
xortool_out/184.out;b'\xf0\xf9\xfb\xf3\xf5\xfd\xe8\xf4\xeb'
xortool_out/185.out;b'\xf1\xf8\xfa\xf2\xf4\xfc\xe9\xf5\xea'
xortool_out/186.out;b'\xf2\xfb\xf9\xf1\xf7\xff\xea\xf6\xe9'
xortool_out/187.out;b'\xf3\xfa\xf8\xf0\xf6\xfe\xeb\xf7\xe8'
xortool_out/188.out;b'\xf4\xfd\xff\xf7\xf1\xf9\xec\xf0\xef'
xortool_out/189.out;b'\xf5\xfc\xfe\xf6\xf0\xf8\xed\xf1\xee'
xortool_out/190.out;b'\xf6\xff\xfd\xf5\xf3\xfb\xee\xf2\xed'
xortool_out/191.out;b'\xf7\xfe\xfc\xf4\xf2\xfa\xef\xf3\xec'
xortool_out/192.out;b'\x88\x81\x83\x8b\x8d\x85\x90\x8c\x93'
xortool_out/193.out;b'\x89\x80\x82\x8a\x8c\x84\x91\x8d\x92'
xortool_out/194.out;b'\x8a\x83\x81\x89\x8f\x87\x92\x8e\x91'
xortool_out/195.out;b'\x8b\x82\x80\x88\x8e\x86\x93\x8f\x90'
xortool_out/196.out;b'\x8c\x85\x87\x8f\x89\x81\x94\x88\x97'
xortool_out/197.out;b'\x8d\x84\x86\x8e\x88\x80\x95\x89\x96'
xortool_out/198.out;b'\x8e\x87\x85\x8d\x8b\x83\x96\x8a\x95'
xortool_out/199.out;b'\x8f\x86\x84\x8c\x8a\x82\x97\x8b\x94'
xortool_out/200.out;b'\x80\x89\x8b\x83\x85\x8d\x98\x84\x9b'
xortool_out/201.out;b'\x81\x88\x8a\x82\x84\x8c\x99\x85\x9a'
xortool_out/202.out;b'\x82\x8b\x89\x81\x87\x8f\x9a\x86\x99'
xortool_out/203.out;b'\x83\x8a\x88\x80\x86\x8e\x9b\x87\x98'
xortool_out/204.out;b'\x84\x8d\x8f\x87\x81\x89\x9c\x80\x9f'
xortool_out/205.out;b'\x85\x8c\x8e\x86\x80\x88\x9d\x81\x9e'
xortool_out/206.out;b'\x86\x8f\x8d\x85\x83\x8b\x9e\x82\x9d'
xortool_out/207.out;b'\x87\x8e\x8c\x84\x82\x8a\x9f\x83\x9c'
xortool_out/208.out;b'\x98\x91\x93\x9b\x9d\x95\x80\x9c\x83'
xortool_out/209.out;b'\x99\x90\x92\x9a\x9c\x94\x81\x9d\x82'
xortool_out/210.out;b'\x9a\x93\x91\x99\x9f\x97\x82\x9e\x81'
xortool_out/211.out;b'\x9b\x92\x90\x98\x9e\x96\x83\x9f\x80'
xortool_out/212.out;b'\x9c\x95\x97\x9f\x99\x91\x84\x98\x87'
xortool_out/213.out;b'\x9d\x94\x96\x9e\x98\x90\x85\x99\x86'
xortool_out/214.out;b'\x9e\x97\x95\x9d\x9b\x93\x86\x9a\x85'
xortool_out/215.out;b'\x9f\x96\x94\x9c\x9a\x92\x87\x9b\x84'
xortool_out/216.out;b'\x90\x99\x9b\x93\x95\x9d\x88\x94\x8b'
xortool_out/217.out;b'\x91\x98\x9a\x92\x94\x9c\x89\x95\x8a'
xortool_out/218.out;b'\x92\x9b\x99\x91\x97\x9f\x8a\x96\x89'
xortool_out/219.out;b'\x93\x9a\x98\x90\x96\x9e\x8b\x97\x88'
xortool_out/220.out;b'\x94\x9d\x9f\x97\x91\x99\x8c\x90\x8f'
xortool_out/221.out;b'\x95\x9c\x9e\x96\x90\x98\x8d\x91\x8e'
xortool_out/222.out;b'\x96\x9f\x9d\x95\x93\x9b\x8e\x92\x8d'
xortool_out/223.out;b'\x97\x9e\x9c\x94\x92\x9a\x8f\x93\x8c'
xortool_out/224.out;b'\xa8\xa1\xa3\xab\xad\xa5\xb0\xac\xb3'
xortool_out/225.out;b'\xa9\xa0\xa2\xaa\xac\xa4\xb1\xad\xb2'
xortool_out/226.out;b'\xaa\xa3\xa1\xa9\xaf\xa7\xb2\xae\xb1'
xortool_out/227.out;b'\xab\xa2\xa0\xa8\xae\xa6\xb3\xaf\xb0'
xortool_out/228.out;b'\xac\xa5\xa7\xaf\xa9\xa1\xb4\xa8\xb7'
xortool_out/229.out;b'\xad\xa4\xa6\xae\xa8\xa0\xb5\xa9\xb6'
xortool_out/230.out;b'\xae\xa7\xa5\xad\xab\xa3\xb6\xaa\xb5'
xortool_out/231.out;b'\xaf\xa6\xa4\xac\xaa\xa2\xb7\xab\xb4'
xortool_out/232.out;b'\xa0\xa9\xab\xa3\xa5\xad\xb8\xa4\xbb'
xortool_out/233.out;b'\xa1\xa8\xaa\xa2\xa4\xac\xb9\xa5\xba'
xortool_out/234.out;b'\xa2\xab\xa9\xa1\xa7\xaf\xba\xa6\xb9'
xortool_out/235.out;b'\xa3\xaa\xa8\xa0\xa6\xae\xbb\xa7\xb8'
xortool_out/236.out;b'\xa4\xad\xaf\xa7\xa1\xa9\xbc\xa0\xbf'
xortool_out/237.out;b'\xa5\xac\xae\xa6\xa0\xa8\xbd\xa1\xbe'
xortool_out/238.out;b'\xa6\xaf\xad\xa5\xa3\xab\xbe\xa2\xbd'
xortool_out/239.out;b'\xa7\xae\xac\xa4\xa2\xaa\xbf\xa3\xbc'
xortool_out/240.out;b'\xb8\xb1\xb3\xbb\xbd\xb5\xa0\xbc\xa3'
xortool_out/241.out;b'\xb9\xb0\xb2\xba\xbc\xb4\xa1\xbd\xa2'
xortool_out/242.out;b'\xba\xb3\xb1\xb9\xbf\xb7\xa2\xbe\xa1'
xortool_out/243.out;b'\xbb\xb2\xb0\xb8\xbe\xb6\xa3\xbf\xa0'
xortool_out/244.out;b'\xbc\xb5\xb7\xbf\xb9\xb1\xa4\xb8\xa7'
xortool_out/245.out;b'\xbd\xb4\xb6\xbe\xb8\xb0\xa5\xb9\xa6'
xortool_out/246.out;b'\xbe\xb7\xb5\xbd\xbb\xb3\xa6\xba\xa5'
xortool_out/247.out;b'\xbf\xb6\xb4\xbc\xba\xb2\xa7\xbb\xa4'
xortool_out/248.out;b'\xb0\xb9\xbb\xb3\xb5\xbd\xa8\xb4\xab'
xortool_out/249.out;b'\xb1\xb8\xba\xb2\xb4\xbc\xa9\xb5\xaa'
xortool_out/250.out;b'\xb2\xbb\xb9\xb1\xb7\xbf\xaa\xb6\xa9'
xortool_out/251.out;b'\xb3\xba\xb8\xb0\xb6\xbe\xab\xb7\xa8'
xortool_out/252.out;b'\xb4\xbd\xbf\xb7\xb1\xb9\xac\xb0\xaf'
xortool_out/253.out;b'\xb5\xbc\xbe\xb6\xb0\xb8\xad\xb1\xae'
xortool_out/254.out;b'\xb6\xbf\xbd\xb5\xb3\xbb\xae\xb2\xad'
xortool_out/255.out;b'\xb7\xbe\xbc\xb4\xb2\xba\xaf\xb3\xac'
